Time (LCLG),Beta Angle (deg)
2021/10/2 0:00,0
2021/10/2 8:00,22.0224
2021/10/3 8:00,17.7033
2021/10/4 8:00,13.2018
2021/10/5 8:00,8.57077
2021/10/6 8:00,3.78939
2021/10/7 8:00,-1.10305
2021/10/8 8:00,-6.00856
